user_id,name,email,signup_date,domain
1,Rebecca Phillips,sandra39@gmail.com,2023-04-28,gmail.com
2,Bailey Lopez,mcdowelldiane@knapp-brown.com,2022-01-22,knapp-brown.com
3,Emily Thomas,stephen83@yahoo.com,2024-06-06,yahoo.com
4,Corey Rodriguez,fmedina@romero.com,2022-11-21,romero.com
5,Larry Collier,gonzalezjacob@stevens-cook.org,2025-03-17,stevens-cook.org
6,Michael Wood,nataliebradley@johnson-parsons.com,2024-09-19,johnson-parsons.com
7,Sharon Joseph,frostrobert@gmail.com,2023-04-10,gmail.com
8,Dominic Cruz,maldonadovictoria@maldonado.org,2022-11-04,maldonado.org
9,Curtis Anderson,brendalawson@johnson.com,2024-12-19,johnson.com
10,Nathan Rogers,fordjeffrey@murphy-brooks.net,2023-12-08,murphy-brooks.net
11,Kimberly Boyd,johnsonlori@beck.com,2021-06-30,beck.com
12,Lisa Brown,bcruz@mcgrath.com,2022-10-28,mcgrath.com
13,Christine Patel,marissa69@yahoo.com,2022-12-09,yahoo.com
14,Peter Sweeney,gonzalesmegan@hotmail.com,2020-09-20,hotmail.com
15,Robin Stuart,jessicasanchez@gmail.com,2022-03-15,gmail.com
16,Jesus Russell,xmoon@perkins.com,2025-02-17,perkins.com
17,Donna Orozco,stephanie01@gmail.com,2021-08-20,gmail.com
18,Gary Proctor,zcross@kennedy-becker.com,2021-11-08,kennedy-becker.com
19,Patricia Hubbard,daniellecampbell@gmail.com,2024-07-07,gmail.com
20,Victor Webb,xharris@hotmail.com,2024-09-24,hotmail.com
21,Victoria Rios,evargas@yahoo.com,2020-02-06,yahoo.com
22,Ms. Lori Thompson,rodriguezpaul@tanner-harris.com,2024-01-23,tanner-harris.com
23,Jeffrey Schwartz,karen88@wong.biz,2021-06-20,wong.biz
24,Joshua Peters,brandoncarrillo@welch-novak.biz,2022-04-16,welch-novak.biz
25,Linda Hess,petersonnicholas@oconnor-golden.com,2022-12-11,oconnor-golden.com
26,Deborah Cook,olopez@hotmail.com,2020-01-19,hotmail.com
27,Erica Richards,robert93@yahoo.com,2024-10-31,yahoo.com
28,Travis Owens,marysimpson@jones-charles.com,2024-04-26,jones-charles.com
29,Michael Miller,perkinskeith@hotmail.com,2024-03-14,hotmail.com
30,Tracy Howard,guerrerobobby@price.biz,2022-04-28,price.biz
31,Shawn Howard,kimberly65@gmail.com,2024-03-03,gmail.com
32,Dana Shields,leefrank@hotmail.com,2022-11-10,hotmail.com
33,Mary Eaton,uroberts@flowers-shelton.net,2023-04-07,flowers-shelton.net
34,Destiny Lawrence,henrysuzanne@gmail.com,2020-06-15,gmail.com
35,Amanda Martinez,markslindsey@yahoo.com,2021-07-07,yahoo.com
36,Melissa Martinez,kennedyashley@yahoo.com,2021-10-14,yahoo.com
37,William Arnold,xsmith@rios.com,2022-04-14,rios.com
38,Bryan Wilson,raymond83@rivera-johnson.com,2024-03-14,rivera-johnson.com
39,Carrie Pearson,amy35@johnson-dodson.com,2020-09-20,johnson-dodson.com
40,Daniel Bryant,kevin76@yahoo.com,2021-11-24,yahoo.com
41,Jordan Moore,prattjason@hotmail.com,2022-12-22,hotmail.com
42,Shannon Kirby,scook@yahoo.com,2021-03-20,yahoo.com
43,Amy Glenn,jamessmith@yahoo.com,2022-09-01,yahoo.com
44,Tiffany Garza,nmcbride@pierce-baxter.com,2020-01-07,pierce-baxter.com
45,Abigail Bennett,scisneros@fitzgerald-stokes.com,2025-04-09,fitzgerald-stokes.com
46,Sharon Gardner,gpratt@gmail.com,2021-10-09,gmail.com
47,Aimee Collins,cardenascynthia@jones-craig.com,2023-06-23,jones-craig.com
48,Joshua Jordan,hwilliamson@smith.net,2023-10-25,smith.net
49,Karen Santana,yperkins@yahoo.com,2023-01-06,yahoo.com
50,Karen Odonnell,umoore@horne.com,2020-07-20,horne.com
51,Lance Harris,xhayes@rodriguez-murphy.com,2023-06-18,rodriguez-murphy.com
52,Martha Jackson,qbrown@gmail.com,2021-05-30,gmail.com
53,Robert Wise,meyerjoseph@gmail.com,2025-01-04,gmail.com
54,Philip Lopez,eestes@montes.com,2024-04-17,montes.com
55,Jennifer Jones,davidbeasley@johnson.com,2020-07-19,johnson.com
56,Matthew Baker,browncindy@brown.com,2021-03-31,brown.com
57,Alexandria Brown,mckenziejohn@flynn.net,2024-08-11,flynn.net
58,Cheryl Henry,daniel03@jenkins.com,2024-11-04,jenkins.com
59,William Andrews,elaine29@bailey.com,2021-07-29,bailey.com
60,Christy Daugherty,amandachapman@young.com,2021-06-25,young.com
61,Katrina Anderson,jaclyn15@walsh-haley.com,2022-04-30,walsh-haley.com
62,Jared Brown,changgregory@murphy-schwartz.com,2023-08-04,murphy-schwartz.com
63,Dr. Adam Joseph,nicholas83@gmail.com,2025-03-15,gmail.com
64,Chad Rubio,makayla25@gmail.com,2020-12-16,gmail.com
65,Katie Cross,wellsangela@yahoo.com,2025-03-03,yahoo.com
66,Rachel Fisher,deborahjohnston@patterson.com,2022-07-10,patterson.com
67,Diana Cummings,henrysara@gmail.com,2022-06-28,gmail.com
68,Johnathan Jimenez,nguyenchristopher@mcbride.org,2024-02-25,mcbride.org
69,Heather Mccarty,ooconnor@torres.org,2025-01-17,torres.org
70,Yvonne Cortez,joseph54@webb.com,2020-09-13,webb.com
71,Patrick Hampton,jhouston@smith.com,2023-04-30,smith.com
72,Troy Daniel,aluna@hotmail.com,2020-02-28,hotmail.com
73,Dawn Valdez,sboyer@ryan-rush.com,2023-04-26,ryan-rush.com
74,Carmen Nelson,sgoodwin@dudley-murphy.com,2021-04-14,dudley-murphy.com
75,Christopher Scott,fuentesbrian@hotmail.com,2025-02-21,hotmail.com
76,Melissa Bruce,michellebarajas@roberts.biz,2021-03-15,roberts.biz
77,Nancy Leon,blin@hotmail.com,2022-06-21,hotmail.com
78,Christopher Pittman,ramirezandrew@morris.info,2021-10-20,morris.info
79,Scott Baker,bjohnson@hotmail.com,2022-12-29,hotmail.com
80,Matthew Davenport,bsmith@hernandez.com,2024-09-21,hernandez.com
81,Courtney Pollard,angelasimpson@yahoo.com,2021-11-20,yahoo.com
82,Tammy Davis,tcarroll@gmail.com,2022-07-22,gmail.com
83,Randall Johnson,harrisbrittany@bush-fuller.net,2022-03-09,bush-fuller.net
84,Michael Harrington,jennathompson@gmail.com,2022-12-22,gmail.com
85,James Thompson,mcmillantracie@little.com,2021-04-29,little.com
86,Donna Hendricks,david68@cherry.biz,2024-05-18,cherry.biz
87,Phillip Hahn,slee@gmail.com,2024-01-04,gmail.com
88,Nancy Hernandez,frederickbuchanan@gallegos.info,2020-02-20,gallegos.info
89,Amy Flowers,stephenkhan@gmail.com,2022-07-10,gmail.com
90,Victor Sanders,vholt@larsen-buckley.com,2021-07-01,larsen-buckley.com
91,Karen Perez,richard16@hotmail.com,2020-02-17,hotmail.com
92,Troy Richards,daviddavis@fisher.com,2024-08-02,fisher.com
93,Danny Holloway,erika10@yahoo.com,2025-02-09,yahoo.com
94,Cynthia Newton,ymccoy@lee-diaz.biz,2020-05-23,lee-diaz.biz
95,Shane Palmer,albert84@yahoo.com,2024-08-11,yahoo.com
96,Jordan Smith,lfitzpatrick@mata.com,2020-11-24,mata.com
97,Ruben Short,andrerobinson@arias.net,2024-12-22,arias.net
98,Krista Williams,hernandezmichael@gmail.com,2023-04-07,gmail.com
99,Dawn Bishop,kristy24@gmail.com,2020-07-11,gmail.com
100,Amanda Campbell,doughertysonya@thomas.com,2025-02-19,thomas.com
101,Jared Baldwin,jeffreyharris@allen.info,2020-07-01,allen.info
102,Stephanie Cooper,kyle87@gmail.com,2025-03-25,gmail.com
103,Carrie Lutz,carterjames@gmail.com,2021-07-01,gmail.com
104,Andrew Lopez,markproctor@mcpherson.biz,2021-09-01,mcpherson.biz
105,John Luna,sbowers@hotmail.com,2021-08-25,hotmail.com
106,Jamie Carpenter,floreszachary@yahoo.com,2024-01-31,yahoo.com
107,Victoria Nelson,jason59@yahoo.com,2020-04-21,yahoo.com
108,Raymond Gray,rodriguezjohn@miles-johnson.net,2025-02-18,miles-johnson.net
109,Jane Miller,robertvance@ashley.net,2023-01-16,ashley.net
110,Brandy Carter,pamela23@hotmail.com,2021-11-09,hotmail.com
111,Joseph Clark,nboyer@hotmail.com,2021-10-09,hotmail.com
112,Richard Stephens,bwolf@harris.com,2022-09-26,harris.com
113,Edward Roberson,sandraspears@jackson-clay.info,2022-07-10,jackson-clay.info
114,Sheena Tran,robertsoncalvin@yahoo.com,2023-08-30,yahoo.com
115,Samuel Delacruz,ruthsanford@collins.org,2023-09-23,collins.org
116,Barbara Bradley,jason45@medina-sanchez.org,2024-06-20,medina-sanchez.org
117,Cheyenne Bonilla,ruizeric@mayo.com,2020-05-18,mayo.com
118,Lawrence Taylor,andrea53@hotmail.com,2021-10-06,hotmail.com
119,Samantha Patel,mitchelljacqueline@proctor-brown.com,2020-11-03,proctor-brown.com
120,Kelly Hess,patricia51@johnson-russell.biz,2023-12-07,johnson-russell.biz
121,Chris Dillon,elizabeth89@anderson.com,2020-02-05,anderson.com
122,Nicholas Jones,matthew72@yahoo.com,2024-07-23,yahoo.com
123,Samantha Thompson,adamspaul@gmail.com,2023-07-19,gmail.com
124,Paula Peterson,megancortez@ramirez.com,2024-11-06,ramirez.com
125,John Knight,hmitchell@peterson-ramirez.net,2020-05-05,peterson-ramirez.net
126,Amanda Madden,zvargas@ford-ward.com,2022-02-10,ford-ward.com
127,Douglas Williams,gwilliams@yahoo.com,2023-11-01,yahoo.com
128,Robert Schultz,maryhenry@gates.com,2021-08-23,gates.com
129,John Rodriguez,fieldsstacy@yahoo.com,2020-07-30,yahoo.com
130,Mrs. Lindsey Powell PhD,nicole75@gmail.com,2020-11-14,gmail.com
131,Donna Cox,april15@gmail.com,2020-11-09,gmail.com
132,Tina Gibson,maxwell75@frazier.biz,2024-06-05,frazier.biz
133,Renee David,taranichols@brown.biz,2022-10-11,brown.biz
134,Craig Manning,kelly81@barnett-mack.com,2022-09-25,barnett-mack.com
135,Tony Lynn,amber50@murphy-young.net,2022-01-14,murphy-young.net
136,Rebecca Baker,strongregina@gmail.com,2023-02-02,gmail.com
137,Paul Sullivan,jjones@hotmail.com,2020-07-26,hotmail.com
138,Molly Ray DDS,katherine48@hotmail.com,2021-02-10,hotmail.com
139,David Brown,umeadows@anderson.com,2021-06-08,anderson.com
140,Michael Fitzpatrick,wstout@yahoo.com,2025-01-08,yahoo.com
141,Maria George,martindavid@pena-smith.com,2020-05-17,pena-smith.com
142,Christopher Hayes,whutchinson@hotmail.com,2024-11-29,hotmail.com
143,Jessica Flynn,rogersscott@chung-martinez.com,2020-10-24,chung-martinez.com
144,Christopher Parker,ocompton@hotmail.com,2023-01-15,hotmail.com
145,Jacob Smith,eric82@yahoo.com,2020-05-07,yahoo.com
146,Jimmy Bernard,sstevenson@yahoo.com,2023-11-15,yahoo.com
147,Julie Fox,alexanderpeter@gmail.com,2021-05-24,gmail.com
148,Samantha Hudson,heathercraig@miller.com,2020-11-03,miller.com
149,Karen Miller,lukeduke@yahoo.com,2023-01-18,yahoo.com
150,Maria Floyd,dleon@yahoo.com,2024-04-15,yahoo.com
151,Harold Edwards,wolfjenny@newman.net,2022-01-22,newman.net
152,Stephanie Ortiz,ericclark@yahoo.com,2022-02-01,yahoo.com
153,Monica Cooke,yanderson@gmail.com,2020-01-15,gmail.com
154,Scott Gonzalez,fsnyder@ramirez-wolf.org,2024-01-31,ramirez-wolf.org
155,Katie Rodriguez,bwalker@gmail.com,2023-02-04,gmail.com
156,Ryan Ford,christopherwilson@bradley.biz,2021-09-12,bradley.biz
157,Katelyn Huynh,garyharrison@lowe.net,2024-10-10,lowe.net
158,Frances Vincent,sean54@yahoo.com,2021-05-11,yahoo.com
159,David Mercado,danielle24@gmail.com,2023-10-08,gmail.com
160,Jim Good,michaeljones@yahoo.com,2021-07-22,yahoo.com
161,Brittany Boyd,gramirez@gmail.com,2021-11-26,gmail.com
162,Corey Mills,christopher91@hotmail.com,2024-07-08,hotmail.com
163,Jeffrey Nguyen,zanderson@hotmail.com,2020-03-25,hotmail.com
164,Carlos Smith,catherine30@beltran.biz,2020-12-08,beltran.biz
165,Alicia Burgess,brandonedwards@hernandez.com,2022-07-07,hernandez.com
166,Jennifer Lawrence,perkinschad@hotmail.com,2025-02-24,hotmail.com
167,Justin Ellis,donald83@hotmail.com,2023-12-19,hotmail.com
168,Steven Sosa,rodriguezmolly@hotmail.com,2022-04-27,hotmail.com
169,Kristin Spencer,kimberlymorgan@hotmail.com,2021-01-15,hotmail.com
170,Karl Martinez,zweber@lee-morales.com,2024-04-27,lee-morales.com
171,Leah Koch,heatherdunn@williams.com,2021-12-14,williams.com
172,Joy Mills,christopher31@gmail.com,2024-03-06,gmail.com
173,Andrea Myers,fullerrichard@mcmahon-shaffer.net,2024-05-29,mcmahon-shaffer.net
174,Adam Powers,jesseconner@mendoza.com,2022-01-09,mendoza.com
175,Chris Johnson,taylorbullock@singh.info,2023-03-21,singh.info
176,Elizabeth Moore,fergusongregory@hotmail.com,2021-04-17,hotmail.com
177,Edward Marquez,qhernandez@smith.net,2020-10-26,smith.net
178,Luke Brennan,brian01@yahoo.com,2020-12-31,yahoo.com
179,Beth Moreno,taylorwilliam@yahoo.com,2023-03-09,yahoo.com
180,Darren Mitchell,jennifermorales@harrell.info,2024-03-07,harrell.info
181,Judy Wood,colleenhogan@diaz.org,2022-08-30,diaz.org
182,Robert Johnson,cuevastaylor@roman-lane.info,2023-10-21,roman-lane.info
183,David Burnett,erice@white.org,2021-09-13,white.org
184,Bryan Mayo,howelljack@hotmail.com,2021-08-28,hotmail.com
185,Sandra Goodwin,gonzalezchristopher@washington.com,2020-10-26,washington.com
186,Priscilla Coleman,dukelouis@butler.com,2025-04-02,butler.com
187,Brittany Maxwell,kristinagomez@mccann.org,2023-04-19,mccann.org
188,Susan Jackson,rleon@yahoo.com,2021-07-24,yahoo.com
189,Michael Smith,burkebrandon@hotmail.com,2020-08-02,hotmail.com
190,Michael Atkins,sarah74@hotmail.com,2021-11-01,hotmail.com
191,Rebecca Yang,mccoyemily@hotmail.com,2021-02-27,hotmail.com
192,Matthew Gomez,ecarson@alexander.com,2025-03-17,alexander.com
193,Mark Lutz MD,angela73@gmail.com,2021-08-25,gmail.com
194,Tiffany Ramos,elizabethglover@lester.com,2025-04-01,lester.com
195,Rebecca Alexander,millerjohn@gmail.com,2022-05-09,gmail.com
196,Thomas Bailey,jennyadams@montoya-petersen.com,2021-01-23,montoya-petersen.com
197,Cody Strong,moorepatricia@hotmail.com,2023-06-23,hotmail.com
198,Michael Flores,troyhayes@taylor-davis.com,2025-01-20,taylor-davis.com
199,Jill Barrett,christopherdavis@butler.com,2023-08-29,butler.com
200,Nicole Smith,robertperkins@davis.com,2022-07-18,davis.com
201,Megan Hicks DDS,holly70@gmail.com,2024-07-15,gmail.com
202,Melinda Walker,manningkimberly@gmail.com,2020-07-23,gmail.com
203,Nicholas Ward,navarrokevin@walsh.com,2021-06-17,walsh.com
204,Casey Brooks,turnergregory@yahoo.com,2024-07-26,yahoo.com
205,Sherri Sims,znorton@herring.com,2024-09-29,herring.com
206,Shannon Murphy,sean45@gmail.com,2023-05-24,gmail.com
207,Jacob Taylor,elizabeth23@robertson-mullins.com,2020-08-11,robertson-mullins.com
208,Tyler Trujillo,zbarnes@mitchell.com,2024-05-11,mitchell.com
209,Kimberly Stevens,qhuerta@yahoo.com,2021-03-10,yahoo.com
210,Lisa Parks,crystaljohnson@harrison.net,2023-01-16,harrison.net
211,Lynn Hawkins,ggilbert@smith-horton.com,2024-09-25,smith-horton.com
212,Barbara Glenn,jacobvaughan@phillips-powell.info,2022-07-27,phillips-powell.info
213,Sandra Lucas,george88@costa.com,2021-07-19,costa.com
214,Joe Garcia,elizabethmorales@gmail.com,2023-01-15,gmail.com
215,Willie Newman,gmorrison@kim-reed.com,2020-03-03,kim-reed.com
216,Victoria Young,charleswright@gmail.com,2020-01-31,gmail.com
217,Debra Soto,wrightpaige@lewis-matthews.com,2024-01-24,lewis-matthews.com
218,Dawn Coleman,grose@ward-campbell.com,2020-09-19,ward-campbell.com
219,Taylor Gutierrez,mooredavid@yahoo.com,2022-08-02,yahoo.com
220,Garrett Bailey,thompsonscott@hernandez.info,2020-12-16,hernandez.info
221,Derek Warner,elizabethgalvan@gmail.com,2023-04-08,gmail.com
222,Suzanne Welch,martinsusan@hotmail.com,2022-10-25,hotmail.com
223,John Green,richardmiller@hotmail.com,2022-02-11,hotmail.com
224,Angela Snyder,albertcopeland@gmail.com,2025-02-28,gmail.com
225,Jenny Chen,longchloe@west.biz,2024-10-06,west.biz
226,Angela Olsen,nicole57@gmail.com,2022-01-27,gmail.com
227,Anna Stephens,carlostaylor@yahoo.com,2022-07-23,yahoo.com
228,Charles Cole,maldonadojerry@carlson-suarez.biz,2020-09-25,carlson-suarez.biz
229,Gregory Duffy,icooper@fowler.com,2021-05-06,fowler.com
230,Caitlin Roth,craig96@hotmail.com,2022-05-23,hotmail.com
231,Brianna Edwards,davidbriggs@hall.com,2021-01-13,hall.com
232,Tina Carter,tanderson@yahoo.com,2020-06-30,yahoo.com
233,Ana Rowe,driley@wolfe.org,2022-03-14,wolfe.org
234,Doris Nichols,qanthony@hotmail.com,2020-01-01,hotmail.com
235,Michael Brown,daniel65@gmail.com,2024-05-20,gmail.com
236,Richard Chambers,kellynguyen@gmail.com,2020-11-12,gmail.com
237,Michael Lara,robert93@fuller.com,2021-01-02,fuller.com
238,Troy Montes,rebekahjordan@murray-price.com,2022-07-06,murray-price.com
239,Lisa Anderson,matthewyoung@yahoo.com,2024-05-23,yahoo.com
240,Christina Frederick,kevin62@wells-scott.com,2024-11-04,wells-scott.com
241,Allison Brown,amyhaas@sullivan-hickman.org,2021-03-20,sullivan-hickman.org
242,William Nguyen,bartonkristina@gamble.biz,2023-03-09,gamble.biz
243,Janice Robinson,camachodominic@avery.net,2024-04-27,avery.net
244,Robert Salas,howardjose@boyd.net,2022-09-16,boyd.net
245,Christopher Wilson,megan76@cline-hickman.biz,2023-01-29,cline-hickman.biz
246,Charles Cruz,reeddawn@harvey.com,2023-08-23,harvey.com
247,Patrick Delgado,anorman@yahoo.com,2021-04-08,yahoo.com
248,Eric Waters,robertharris@yahoo.com,2021-08-18,yahoo.com
249,Amanda Zavala DVM,ashleygordon@gmail.com,2020-03-15,gmail.com
250,Ronald Wong,douglashughes@yahoo.com,2021-07-06,yahoo.com
251,Christopher Hayes Jr.,shane89@nelson.net,2024-07-06,nelson.net
252,Amanda Jennings,sarahbutler@yahoo.com,2021-04-22,yahoo.com
253,Dennis Kramer,amy22@hotmail.com,2021-11-12,hotmail.com
254,William Brown,fernandezcarla@yahoo.com,2021-05-14,yahoo.com
255,Shari Hines,marquezbruce@hotmail.com,2022-03-13,hotmail.com
256,Shelly Peterson,beasleyaustin@yahoo.com,2022-12-04,yahoo.com
257,Melanie Crosby,dustin11@baker.com,2020-04-05,baker.com
258,Kristi Wilson,raymond50@perez.com,2024-09-29,perez.com
259,Matthew Dennis,justinbeltran@daniels.com,2022-12-24,daniels.com
260,Jennifer Juarez MD,jordan09@yoder.com,2023-03-25,yoder.com
261,Brian Shaffer,jenniferrobinson@sawyer.net,2021-06-04,sawyer.net
262,Linda Rodriguez,mccoymark@gmail.com,2022-05-18,gmail.com
263,Patrick Olson,jason61@hotmail.com,2022-04-07,hotmail.com
264,Jimmy Johnson,harryrivas@taylor.com,2020-12-17,taylor.com
265,Kenneth Rice,daniel88@taylor-harris.com,2023-05-14,taylor-harris.com
266,Jose Lee,jessicaatkins@gmail.com,2024-07-07,gmail.com
267,Leslie Buckley,cynthialopez@huffman.com,2022-08-04,huffman.com
268,Diana Zamora,sonyasoto@nelson-barrett.biz,2020-02-29,nelson-barrett.biz
269,Sarah Medina,lwagner@marquez-watson.biz,2022-11-12,marquez-watson.biz
270,Alexandria Owens,jasminenguyen@orozco.com,2022-03-07,orozco.com
271,Mrs. Erika Smith,whitelaurie@gmail.com,2024-02-16,gmail.com
272,Kelsey Rowland,melaniemartin@yahoo.com,2023-09-17,yahoo.com
273,Steven Perez,kzuniga@jordan.com,2020-11-10,jordan.com
274,Larry Romero,charlottesanchez@hotmail.com,2023-01-23,hotmail.com
275,Jill Joseph,courtney67@gmail.com,2023-01-26,gmail.com
276,Ronnie Hamilton,timothy21@gmail.com,2020-04-20,gmail.com
277,Stephanie Wallace,gburton@gmail.com,2022-12-03,gmail.com
278,Benjamin Arellano,nkrause@johnston.org,2020-10-09,johnston.org
279,Bryan Reyes,catherinequinn@haas-rodriguez.com,2022-12-20,haas-rodriguez.com
280,Tammy Perez,cellis@hotmail.com,2024-07-20,hotmail.com
281,Eric Warner,lgarcia@gmail.com,2022-01-09,gmail.com
282,Keith Hunter,christophervelez@yahoo.com,2023-01-18,yahoo.com
283,Amber Medina,ucampbell@yahoo.com,2022-06-12,yahoo.com
284,Meghan Le,agreen@yahoo.com,2022-03-18,yahoo.com
285,Jamie Holt,annathomas@robinson.com,2023-10-18,robinson.com
286,Arthur Gutierrez,ivan40@gmail.com,2021-01-17,gmail.com
287,Ana Vega,lori21@yahoo.com,2022-06-15,yahoo.com
288,Martin Bond,gomezdaniel@hotmail.com,2023-04-11,hotmail.com
289,Maria Cohen,ericwalters@vasquez.com,2023-10-18,vasquez.com
290,James Thomas,laurenray@anderson-moyer.com,2022-02-26,anderson-moyer.com
291,Derek Thomas,kingstephanie@clements-shaw.biz,2024-10-08,clements-shaw.biz
292,Tonya Dixon,jennahatfield@owens.com,2022-12-27,owens.com
293,Christopher Harrington,rodriguezdanielle@vang.info,2022-09-20,vang.info
294,Tammy Rangel,theresawaters@kim.biz,2020-03-29,kim.biz
295,Eric Martinez,leejorge@yahoo.com,2020-09-29,yahoo.com
296,Monica Gomez,hlester@barrett-murphy.org,2020-04-07,barrett-murphy.org
297,Peter Douglas,christopher14@yahoo.com,2024-02-29,yahoo.com
298,Joseph Neal,brucesmith@peterson.com,2024-07-11,peterson.com
299,Garrett King,bmcbride@mcpherson.com,2021-08-07,mcpherson.com
300,Patrick Griffith,eric06@yahoo.com,2021-12-24,yahoo.com
301,Ashley Avery,james65@hotmail.com,2021-09-06,hotmail.com
302,Robert Butler,kurtpage@gmail.com,2022-01-23,gmail.com
303,Michael Mercer,james65@yahoo.com,2023-12-09,yahoo.com
304,Allison Thompson,gregory74@hotmail.com,2020-04-19,hotmail.com
305,Samuel Rodriguez,coleandrea@shaw-carpenter.com,2020-11-20,shaw-carpenter.com
306,Christina Sweeney,evanstammy@edwards.biz,2021-11-15,edwards.biz
307,Heidi Harrington,alan95@walton.com,2024-03-17,walton.com
308,David Johnson,casey87@gmail.com,2020-07-29,gmail.com
309,David Brown,thomas58@green.org,2021-07-16,green.org
310,Patrick Jenkins,barry44@gmail.com,2025-04-12,gmail.com
311,Alisha Stewart,wsanders@blanchard.com,2021-05-24,blanchard.com
312,Barbara Sullivan,szuniga@yahoo.com,2020-12-17,yahoo.com
313,Tara Garcia,colemandeborah@yahoo.com,2021-09-02,yahoo.com
314,Jason Burton,rvega@gmail.com,2022-10-01,gmail.com
315,Emily Taylor,wgreer@hotmail.com,2024-06-19,hotmail.com
316,Christopher Alvarado,leslie54@hicks.info,2020-08-03,hicks.info
317,Dawn Hill,rdavis@hotmail.com,2022-11-20,hotmail.com
318,Courtney Myers,cthomas@gmail.com,2020-06-29,gmail.com
319,Richard Barrett,williamturner@yahoo.com,2021-11-03,yahoo.com
320,Renee Carson DDS,brookestewart@weber.com,2021-08-14,weber.com
321,Mary Richards,brendarichmond@yahoo.com,2023-07-25,yahoo.com
322,Stephanie Cochran,kjensen@yahoo.com,2024-10-16,yahoo.com
323,Joanna Peterson,paulhill@anderson.com,2022-07-06,anderson.com
324,Jessica Blevins,bjohnson@gmail.com,2022-03-07,gmail.com
325,Jonathan Hill,qrodriguez@hotmail.com,2020-08-04,hotmail.com
326,Justin Clark,lisa37@yahoo.com,2023-04-09,yahoo.com
327,Corey Thompson,mcgeeann@hotmail.com,2022-05-16,hotmail.com
328,Katelyn Lopez,jessicajoyce@yahoo.com,2021-12-07,yahoo.com
329,Timothy Morales,kdyer@yahoo.com,2022-06-07,yahoo.com
330,Vincent Lopez,andersonbrianna@yahoo.com,2022-08-10,yahoo.com
331,Steve Jackson,carolyn61@hotmail.com,2021-02-14,hotmail.com
332,Allison Roberts,lisaconway@anderson-morgan.com,2022-10-17,anderson-morgan.com
333,Jorge Stewart,timothy90@ashley.net,2022-11-12,ashley.net
334,Robert Duncan,jimmywright@gmail.com,2021-04-09,gmail.com
335,Timothy Jackson,lmoore@gmail.com,2024-02-08,gmail.com
336,Michael Salazar,bryanswanson@bryant-cox.info,2021-10-23,bryant-cox.info
337,Todd Turner,blackjames@ferguson.info,2020-10-01,ferguson.info
338,John Johnson,michael49@gmail.com,2024-04-03,gmail.com
339,Joseph Turner,marywilliams@hotmail.com,2020-06-20,hotmail.com
340,Karen Harris,jameskelly@hamilton.com,2024-12-05,hamilton.com
341,Meghan Dunlap,ian40@yahoo.com,2022-03-25,yahoo.com
342,Amanda Gibbs,halltravis@hotmail.com,2020-08-23,hotmail.com
343,Kelly Green,jennifer04@yahoo.com,2021-12-21,yahoo.com
344,Matthew White,wongmisty@pruitt.net,2024-07-10,pruitt.net
345,Maria Campbell,fredferguson@cox-rodriguez.com,2020-01-25,cox-rodriguez.com
346,Tina Myers,gonzalezcharlene@lawson.com,2020-06-15,lawson.com
347,Amber Howard,wmorales@gmail.com,2025-02-05,gmail.com
348,Amber Malone,csims@yahoo.com,2021-11-07,yahoo.com
349,Jeff Perez,hsanchez@grimes-stanton.com,2020-06-20,grimes-stanton.com
350,Lindsay Long,williamrussell@wilkerson.com,2022-11-14,wilkerson.com
351,Raymond Collins,steven07@roberts.com,2024-11-26,roberts.com
352,Kelly Watson,christian26@myers.net,2022-12-24,myers.net
353,Kristen Pineda,ashleycannon@larson.com,2023-04-14,larson.com
354,Christine Sanders,saramartinez@gmail.com,2021-06-01,gmail.com
355,Danielle Horton,floresvicki@hotmail.com,2023-10-31,hotmail.com
356,Regina Wall,tammyharris@yahoo.com,2021-03-14,yahoo.com
357,Daniel Hill,qcuevas@gmail.com,2022-08-30,gmail.com
358,Cindy Fisher,gentrydonald@woods.com,2022-01-19,woods.com
359,Katie Gilmore,tonya52@smith.com,2020-06-15,smith.com
360,Brianna Kirby,joshua07@hotmail.com,2023-08-28,hotmail.com
361,Scott House,padillacassandra@hotmail.com,2020-03-11,hotmail.com
362,Kelli Brown,mjackson@gmail.com,2023-12-24,gmail.com
363,Ashley Johnson DDS,lisa12@gmail.com,2020-03-02,gmail.com
364,Joel Anderson,hensontimothy@gmail.com,2021-09-24,gmail.com
365,Charles Cooper,potterchristina@hotmail.com,2024-04-22,hotmail.com
366,Jennifer Bullock,carrollkatherine@hotmail.com,2022-02-28,hotmail.com
367,Vincent King,michaelsimpson@hotmail.com,2020-05-16,hotmail.com
368,Amanda Cole MD,bergerbrett@yahoo.com,2020-05-21,yahoo.com
369,Gregory Hall MD,deborahpruitt@gmail.com,2022-04-24,gmail.com
370,Todd Guzman,danasmith@clay-pearson.net,2024-02-20,clay-pearson.net
371,Donald Smith,scottmarc@stewart-fernandez.org,2023-03-11,stewart-fernandez.org
372,Christopher Gonzalez DDS,qyoung@yahoo.com,2022-08-13,yahoo.com
373,Rebecca Butler,millerelizabeth@gmail.com,2023-06-14,gmail.com
374,Ashley Ball,bettywoodard@gmail.com,2022-01-15,gmail.com
375,Michael Tyler,david63@armstrong.com,2022-11-27,armstrong.com
376,Michael Day,qsantiago@hotmail.com,2021-11-01,hotmail.com
377,Amy Jones,tamaraellis@hotmail.com,2021-01-04,hotmail.com
378,Robert Wood,williamwoods@gmail.com,2021-03-09,gmail.com
379,Tracey Evans,mary04@gmail.com,2022-07-01,gmail.com
380,Mark Collins,david00@gmail.com,2024-02-26,gmail.com
381,Rebecca Hart,hansondouglas@gmail.com,2023-03-20,gmail.com
382,David Page,matthew14@yahoo.com,2024-09-15,yahoo.com
383,William Grant,joshuagomez@yahoo.com,2022-08-17,yahoo.com
384,Kenneth Chang,steven48@hotmail.com,2021-01-28,hotmail.com
385,Robert Underwood,acampbell@moreno-miller.net,2024-11-12,moreno-miller.net
386,Brandon Chambers,gonzalezdanielle@gmail.com,2021-12-30,gmail.com
387,Tracy Turner DVM,maurice69@gmail.com,2025-03-27,gmail.com
388,Charles Martinez,jose65@wright.org,2022-10-14,wright.org
389,Willie Gonzalez,fgreen@warner.com,2023-07-31,warner.com
390,Jennifer Owens,cochrankristy@yahoo.com,2021-05-24,yahoo.com
391,Brandon Larsen,johnschmidt@gmail.com,2021-08-28,gmail.com
392,Jesse Hartman,ygallegos@warner.com,2023-01-19,warner.com
393,Andre Stokes,jstevenson@howe-calderon.biz,2025-01-29,howe-calderon.biz
394,Kimberly Wiggins,belljennifer@mitchell-lewis.com,2024-02-27,mitchell-lewis.com
395,Timothy Booker,mayers@hotmail.com,2020-05-31,hotmail.com
396,Carla Irwin,phyllisrobinson@brady.com,2023-09-29,brady.com
397,Michael Williams,lawrencesingh@yahoo.com,2025-03-26,yahoo.com
398,Robert Stanton,lisa57@knapp-jones.com,2024-10-13,knapp-jones.com
399,Christopher Cook,joshua42@woodard.biz,2024-05-22,woodard.biz
400,James Lewis,michaellutz@hotmail.com,2023-04-30,hotmail.com
401,Deborah Rocha,erin85@mitchell-thompson.com,2023-01-16,mitchell-thompson.com
402,Laura Lester,olsonchristina@warner.info,2020-09-20,warner.info
403,Randy House MD,marcus08@warren.biz,2023-04-30,warren.biz
404,Denise Gardner,williamsandre@schmidt-berry.net,2024-12-09,schmidt-berry.net
405,Jonathan Graves,ujohnson@hotmail.com,2022-03-31,hotmail.com
406,Nicole Kelly,anthonyweber@gmail.com,2022-03-15,gmail.com
407,Meghan Reyes,michael99@yahoo.com,2020-03-31,yahoo.com
408,Roy Esparza,jaime80@ford-coleman.com,2025-03-04,ford-coleman.com
409,Timothy Gibson,lutzlynn@hotmail.com,2022-07-31,hotmail.com
410,Austin Dawson,oowens@yahoo.com,2021-08-04,yahoo.com
411,Melissa Dalton,melody69@cabrera.org,2020-06-15,cabrera.org
412,Matthew Walters,edwardroberts@hotmail.com,2020-04-20,hotmail.com
413,Michael Humphrey,georgejoyce@yahoo.com,2020-12-03,yahoo.com
414,Ryan Duran,zbooth@yahoo.com,2024-03-17,yahoo.com
415,Elizabeth Mcdowell,johnfitzpatrick@luna-henry.org,2023-06-28,luna-henry.org
416,Angela Bowers,krystalmyers@martin.org,2023-03-30,martin.org
417,Christopher Bishop,wheelerabigail@wood.net,2022-08-24,wood.net
418,Marvin Griffin,frankhammond@hotmail.com,2020-03-30,hotmail.com
419,Stacy Walls,rodriguezrachel@hotmail.com,2023-08-13,hotmail.com
420,Bonnie Armstrong,sheilahawkins@gmail.com,2025-04-10,gmail.com
421,Mrs. Renee Schmidt,noblerachel@hotmail.com,2025-01-11,hotmail.com
422,Brenda Baldwin,susan35@gomez-ward.com,2021-12-11,gomez-ward.com
423,Matthew Holden,williamseddie@yahoo.com,2022-08-12,yahoo.com
424,Deanna Hicks,haydengeorge@yahoo.com,2020-01-24,yahoo.com
425,Jacqueline Dean,jenningselizabeth@frederick.com,2022-12-21,frederick.com
426,Alyssa Griffith,calebayala@hotmail.com,2021-05-08,hotmail.com
427,Stephen Rice,timothy14@glenn.com,2023-12-22,glenn.com
428,Mark Newman,pcameron@houston-banks.com,2021-05-17,houston-banks.com
429,Tiffany White,amanda96@lee-jones.com,2021-08-23,lee-jones.com
430,Ashley Johnson,uburke@bell-rodriguez.info,2020-09-19,bell-rodriguez.info
431,Autumn Allen,katie46@hotmail.com,2024-06-29,hotmail.com
432,Scott Kim,gomezjason@gmail.com,2022-06-03,gmail.com
433,Michelle Carter,arnoldsamuel@arnold.com,2023-07-31,arnold.com
434,Brandi Fuller,duranvirginia@sutton.com,2020-07-29,sutton.com
435,Sheena Larson,lindsey40@walker-vincent.com,2023-03-03,walker-vincent.com
436,John Hill,dixonbailey@yahoo.com,2023-06-03,yahoo.com
437,Eric Johnson,amberduke@campbell.com,2022-04-02,campbell.com
438,Jonathan Curry,brucetracey@gmail.com,2023-12-30,gmail.com
439,Sarah Mcmahon,joseph07@yahoo.com,2020-09-13,yahoo.com
440,Jacob Holloway,michellehenderson@hotmail.com,2022-09-06,hotmail.com
441,Zachary Lyons,xcollins@gmail.com,2024-01-15,gmail.com
442,Jonathan Griffin,sarah13@ross-collins.com,2024-04-30,ross-collins.com
443,Tracey Smith,patricialandry@hotmail.com,2022-10-21,hotmail.com
444,Wayne Washington,robinsonlinda@clark-williams.biz,2021-07-27,clark-williams.biz
445,Jose Myers,rmartin@keller-rodriguez.com,2024-05-23,keller-rodriguez.com
446,Frederick Cole,adam09@gmail.com,2024-03-16,gmail.com
447,Andre Cameron,jillholt@hotmail.com,2024-02-03,hotmail.com
448,Erik Rodriguez,justinjackson@gray.com,2021-10-19,gray.com
449,Katie Morgan,parksheather@keller-cabrera.biz,2024-08-11,keller-cabrera.biz
450,James Hart,popeomar@yahoo.com,2022-04-08,yahoo.com
451,Adam Griffith,eric39@burke.net,2025-01-10,burke.net
452,David Jones,marcus07@gmail.com,2023-02-13,gmail.com
453,Jessica Bowman,smithdiamond@hotmail.com,2021-01-18,hotmail.com
454,Derek Lee,heather02@hotmail.com,2020-11-17,hotmail.com
455,Justin Cameron,robertsian@bell-burns.info,2024-04-06,bell-burns.info
456,Jennifer Washington,jennifer29@yahoo.com,2024-09-17,yahoo.com
457,Jasmine Freeman,pjones@hotmail.com,2020-05-03,hotmail.com
458,Douglas Kennedy,ptran@gmail.com,2021-05-27,gmail.com
459,Adam Henderson,nicolefoster@gallagher.info,2023-09-14,gallagher.info
460,Sherry Beck,steven02@yahoo.com,2023-07-09,yahoo.com
461,John Smith,dana65@gmail.com,2022-09-21,gmail.com
462,Kenneth Stout,bcardenas@hotmail.com,2024-04-21,hotmail.com
463,Emily Lewis,navarromicheal@hotmail.com,2024-04-25,hotmail.com
464,Laurie Taylor,alexandriamiller@hotmail.com,2022-12-23,hotmail.com
465,Julia Roberts,brandi11@shepherd.org,2020-05-11,shepherd.org
466,Cynthia White,ujohnson@yahoo.com,2020-05-06,yahoo.com
467,Derrick Navarro,michael08@yahoo.com,2023-12-20,yahoo.com
468,Dr. Phyllis Powell,hannahstephens@rogers-robles.com,2022-02-04,rogers-robles.com
469,Kyle Stafford,zamoraanna@padilla-welch.com,2022-08-01,padilla-welch.com
470,Matthew Wagner,qclarke@allen.org,2020-02-12,allen.org
471,Samantha Sanchez,matthew06@yahoo.com,2023-06-29,yahoo.com
472,Katrina Green,gregfowler@yahoo.com,2023-07-26,yahoo.com
473,Hannah Gibson,barryemily@hotmail.com,2021-08-12,hotmail.com
474,Alyssa Mcdaniel,mayhayley@ali.com,2020-02-16,ali.com
475,William Richardson,hollowaysheri@park.com,2024-03-19,park.com
476,Jessica Wells,harrisonjennifer@hughes.com,2024-11-20,hughes.com
477,Amanda Collins,tracy38@hotmail.com,2023-01-24,hotmail.com
478,Lance Bennett,birdraven@gutierrez.com,2020-05-29,gutierrez.com
479,Joseph Lee,tforbes@moore.net,2022-09-15,moore.net
480,Steven Sullivan,martin36@huff.info,2020-06-20,huff.info
481,Bryce Miller,arnoldjonathan@gmail.com,2020-05-20,gmail.com
482,Michelle Hess,steven99@yahoo.com,2022-04-25,yahoo.com
483,Rebecca Simpson,camachodonald@joseph.info,2020-10-28,joseph.info
484,Daniel Peters,jessica18@smith-peters.com,2023-10-21,smith-peters.com
485,Juan Lopez,daylisa@yahoo.com,2020-01-31,yahoo.com
486,Heather Davis,tim37@perez-bennett.com,2025-01-24,perez-bennett.com
487,Timothy Clark,matthew99@butler.info,2024-01-16,butler.info
488,Dale Gibbs,weissanne@yahoo.com,2024-10-09,yahoo.com
489,Sean Gilbert,kennethrogers@james-campos.com,2024-05-27,james-campos.com
490,Jose Calhoun,jamescurtis@ramsey.com,2022-05-27,ramsey.com
491,Anna Sanchez,harringtonnicole@yahoo.com,2022-03-05,yahoo.com
492,Kara Cantu,jonesjennifer@smith.biz,2020-05-30,smith.biz
493,Mrs. Andrea Castro,afigueroa@robinson.org,2023-08-24,robinson.org
494,Vincent Hobbs,levi90@allen.biz,2023-12-12,allen.biz
495,Sean Weber,alicia43@hotmail.com,2022-12-02,hotmail.com
496,Paul Knox,karen62@hotmail.com,2024-02-07,hotmail.com
497,Brian Barrett,blowe@gmail.com,2020-12-26,gmail.com
498,Karen Sanders,uowens@carter.biz,2022-05-07,carter.biz
499,Grace Wood,aaronwaters@yahoo.com,2023-07-23,yahoo.com
500,Erica Armstrong,james26@hotmail.com,2022-02-13,hotmail.com
501,David Soto,garciapaul@morales.com,2021-05-04,morales.com
502,Jonathan Hubbard,swarren@gmail.com,2022-05-18,gmail.com
503,Jacob Greene,jeffrey14@mason.com,2025-03-04,mason.com
504,Thomas Rodriguez,mendozarobert@hotmail.com,2021-10-28,hotmail.com
505,Christine Snyder,hsimmons@gmail.com,2024-11-17,gmail.com
506,Kelly Torres,emma33@hotmail.com,2022-04-29,hotmail.com
507,Deborah Quinn,randall41@brewer.com,2022-07-21,brewer.com
508,Nathan Haney,bernardnicole@gmail.com,2022-09-30,gmail.com
509,Lisa Klein,coxnathan@hotmail.com,2022-09-15,hotmail.com
510,Alexa Sanders,michaelscott@gmail.com,2022-11-19,gmail.com
511,Brian Grant,stewartholly@gmail.com,2022-10-13,gmail.com
512,Glen Stewart,alyssa97@yahoo.com,2020-07-26,yahoo.com
513,Michael Romero,acrawford@daniels.com,2022-12-27,daniels.com
514,Sarah Harper,yvette69@nguyen-gregory.com,2021-12-20,nguyen-gregory.com
515,Melanie Zuniga MD,xjohnson@thomas.org,2022-03-09,thomas.org
516,Chase Henry,jennifermitchell@conley-mccann.com,2021-09-19,conley-mccann.com
517,David Estrada,angela12@farmer.info,2020-09-25,farmer.info
518,Deanna Cannon,georgeraymond@spencer-long.net,2023-12-14,spencer-long.net
519,Lisa Hunter,jameshall@yahoo.com,2022-09-16,yahoo.com
520,Jordan Mullins,natashadecker@hotmail.com,2024-05-27,hotmail.com
521,Henry Rodriguez,qobrien@hotmail.com,2021-07-07,hotmail.com
522,Joseph Martinez,john97@gmail.com,2020-08-23,gmail.com
523,Nicole Morris,izimmerman@navarro.com,2023-07-07,navarro.com
524,Jessica Castro,rodgerstheresa@burns.com,2021-11-27,burns.com
525,Mallory Guerrero,ericachambers@yahoo.com,2020-07-23,yahoo.com
526,James Morton,ingramkayla@schmidt-morris.org,2021-06-11,schmidt-morris.org
527,David Herrera,crystaladkins@hotmail.com,2020-08-27,hotmail.com
528,Barbara Young,ilawson@lee.com,2023-06-03,lee.com
529,Matthew Williams,amandasalazar@yahoo.com,2024-06-22,yahoo.com
530,Robert Lewis,jacksonashley@thompson-garcia.biz,2022-04-16,thompson-garcia.biz
531,Danielle Smith,michaelcox@hotmail.com,2023-06-05,hotmail.com
532,Barry Williams,mistymarshall@carlson.biz,2023-02-11,carlson.biz
533,Brian Watson,munozanthony@bailey-wilson.net,2020-08-12,bailey-wilson.net
534,Alyssa Mcbride,aliciabaker@williams-lawrence.com,2021-02-11,williams-lawrence.com
535,Warren Hubbard,mcummings@moore-singh.org,2024-09-17,moore-singh.org
536,Matthew Anderson,schwartzanthony@hotmail.com,2020-08-01,hotmail.com
537,Nicole Robinson,patriciabryant@jackson.com,2022-05-19,jackson.com
538,Lisa Mueller,wponce@cook.info,2021-04-27,cook.info
539,Tyler Martin,rhonda95@dixon.biz,2020-11-02,dixon.biz
540,Eric Chapman,susananderson@mcdonald-johnson.net,2023-09-16,mcdonald-johnson.net
541,Jon Gordon,stevenshepherd@hill.org,2023-08-12,hill.org
542,Richard Baxter,josewilliamson@collins-young.net,2021-08-02,collins-young.net
543,Sarah Cooper,huntkara@sullivan.com,2021-02-28,sullivan.com
544,Lisa Foster,armstrongjimmy@yahoo.com,2023-08-23,yahoo.com
545,Andrew Nolan,bennettchristine@richardson.com,2021-04-04,richardson.com
546,Samuel Higgins,shawjoshua@hotmail.com,2021-11-20,hotmail.com
547,Stephen Walker,vcobb@cummings.info,2021-02-18,cummings.info
548,Travis Allen DDS,fitzgeraldronald@cummings.net,2024-04-26,cummings.net
549,Kevin Jordan,richardpark@gmail.com,2021-05-21,gmail.com
550,Erica Wright,haroldsmith@richardson.com,2024-05-27,richardson.com
551,Abigail Scott,woodsroy@collins-benitez.net,2020-04-20,collins-benitez.net
552,Andrew Robinson,kgray@gmail.com,2020-08-31,gmail.com
553,Robert Barker,irivera@hotmail.com,2024-03-04,hotmail.com
554,Amy Shields,johnsonrobert@branch.org,2020-09-24,branch.org
555,Brianna Williams,andrew68@yahoo.com,2022-09-03,yahoo.com
556,Elizabeth Good,lopezmichael@hotmail.com,2022-09-19,hotmail.com
557,Shari Page DVM,cbeasley@johnson.com,2020-05-02,johnson.com
558,Dr. Tracy Smith,brianramsey@gmail.com,2025-03-19,gmail.com
559,Hector Hopkins,gary71@gmail.com,2021-09-13,gmail.com
560,Jacob White,mdiaz@yahoo.com,2020-07-15,yahoo.com
561,Sean Smith,dakota09@hart.net,2023-08-15,hart.net
562,Kimberly Cooper,larry40@yahoo.com,2021-04-29,yahoo.com
563,Tracy Smith,floydnathan@watson-hickman.com,2023-04-04,watson-hickman.com
564,Eric Huerta,chad16@hotmail.com,2022-07-12,hotmail.com
565,Max Glass,nharris@wolf-garcia.com,2025-03-23,wolf-garcia.com
566,Lauren Gonzalez,jeremiahhawkins@young.com,2021-11-22,young.com
567,Andrew Thompson,perryrobert@gmail.com,2020-11-21,gmail.com
568,Cameron Garcia,jeremybell@gmail.com,2020-01-14,gmail.com
569,Joel Mcgee,jenniferkline@hotmail.com,2024-11-21,hotmail.com
570,Yvonne Smith,rgarcia@callahan-rivera.org,2024-09-12,callahan-rivera.org
571,Maria Oconnor,vaughnjustin@gmail.com,2024-12-08,gmail.com
572,Kelly Mccarty,igarcia@jones.biz,2022-10-21,jones.biz
573,Pamela Mcdonald,donaldbraun@gmail.com,2023-03-03,gmail.com
574,Jenny Ryan,tuckerlauren@mack.biz,2024-05-01,mack.biz
575,Timothy Evans,kimberlybush@hotmail.com,2022-04-20,hotmail.com
576,Mr. Anthony Weiss,wkennedy@yahoo.com,2023-01-28,yahoo.com
577,Paul Underwood,porterandrew@hotmail.com,2022-06-18,hotmail.com
578,Amy Castro,mullinsnancy@hotmail.com,2025-03-02,hotmail.com
579,Jacob Lawson,zmoore@maynard-johnson.com,2023-05-09,maynard-johnson.com
580,Samantha Brown,fernandowilliams@hotmail.com,2020-04-11,hotmail.com
581,Erica Quinn,lewiskaren@gmail.com,2020-05-09,gmail.com
582,Terry Morrow,ashley47@gmail.com,2021-12-04,gmail.com
583,Diana Fox,gordongeorge@george-gill.com,2023-04-28,george-gill.com
584,Eric Williams,danielpatterson@hotmail.com,2020-10-23,hotmail.com
585,Gregory Dean,serranodavid@gmail.com,2021-07-06,gmail.com
586,Donald Jones,martinezthomas@yahoo.com,2023-08-31,yahoo.com
587,Jeff Johnson,emma71@hotmail.com,2020-02-03,hotmail.com
588,Adam Spencer,kaylabuckley@lowe.info,2024-11-08,lowe.info
589,Felicia Perez,bowmanlaura@bailey.net,2022-09-14,bailey.net
590,Sarah Schneider,hayesjeffrey@yahoo.com,2024-06-17,yahoo.com
591,Barbara Simmons,amanda74@hotmail.com,2022-11-08,hotmail.com
592,Mary Jimenez,erinsmith@joseph.com,2023-03-20,joseph.com
593,Kevin Harris,youngbethany@hotmail.com,2021-08-22,hotmail.com
594,Walter Cunningham,ramseyjoshua@washington.info,2023-05-10,washington.info
595,Ricky Rivera,vandrade@lester.com,2021-11-12,lester.com
596,Bonnie Meyers,tracythomas@yahoo.com,2020-04-28,yahoo.com
597,Daniel Wilcox,ismith@hotmail.com,2023-12-13,hotmail.com
598,Brenda Harrington,jtran@oconnor.biz,2022-05-03,oconnor.biz
599,Kendra Smith,danielleperez@martin.biz,2024-06-17,martin.biz
600,Mary Lucero,nicholas28@yahoo.com,2022-01-20,yahoo.com
601,Jade Johnson,cassandra97@miller.biz,2024-01-26,miller.biz
602,Sophia Reyes,fyoder@hotmail.com,2024-03-08,hotmail.com
603,Ronald Garcia,ksingh@henry.biz,2021-07-09,henry.biz
604,Jon Mahoney,cartermason@yahoo.com,2022-09-29,yahoo.com
605,Sarah Skinner,pcooper@hotmail.com,2024-10-24,hotmail.com
606,Gary Lawson,bthompson@roberts.biz,2024-04-17,roberts.biz
607,Kelly Fitzgerald,bradleyhurley@hess.com,2022-08-31,hess.com
608,Norman Clark II,jacob21@gmail.com,2024-07-23,gmail.com
609,Kevin Alvarez,matthew79@young.com,2021-07-21,young.com
610,Shannon Stanley,beverett@fowler.info,2024-09-06,fowler.info
611,Jeffrey Yang,valerie32@barry-craig.com,2024-04-06,barry-craig.com
612,Jerry Jenkins,abrock@liu.com,2023-10-05,liu.com
613,Angel Henderson,hfisher@matthews.biz,2020-09-17,matthews.biz
614,Yvonne Norton,courtney01@wheeler-taylor.net,2022-03-01,wheeler-taylor.net
615,Jasmine Hurley,jordanmariah@gray-ray.info,2020-05-28,gray-ray.info
616,Michael Robinson,rossmichelle@wilkins-griffin.com,2024-03-24,wilkins-griffin.com
617,Paul Marshall,olivia84@mitchell-esparza.com,2024-02-05,mitchell-esparza.com
618,Zachary Kelly,misty08@newman.com,2024-07-15,newman.com
619,Samuel Miller,cwilcox@gmail.com,2023-07-25,gmail.com
620,Denise Miles,fleminggina@hotmail.com,2024-10-17,hotmail.com
621,Kelly Meadows,noblejesse@yahoo.com,2020-07-25,yahoo.com
622,Amanda Lopez,grayamy@hotmail.com,2024-04-24,hotmail.com
623,Raymond Robertson,piercesusan@jarvis.biz,2022-07-15,jarvis.biz
624,Leslie Daniel,brownlinda@butler.com,2024-06-12,butler.com
625,Jeremy Hawkins,taradavenport@gmail.com,2020-04-11,gmail.com
626,Sheila Olson,baldwinjason@gmail.com,2022-12-03,gmail.com
627,Amanda Richardson,erivas@oneal-tran.com,2022-04-14,oneal-tran.com
628,Antonio Gonzalez,dsoto@yahoo.com,2020-04-23,yahoo.com
629,James Evans,bernardbrian@hotmail.com,2021-03-29,hotmail.com
630,Raven West,barbarajackson@hansen.com,2020-01-23,hansen.com
631,Elizabeth Vance,heather81@herrera-martinez.com,2023-08-21,herrera-martinez.com
632,Robert Rivas,robinsonsherri@blanchard-benson.org,2022-12-28,blanchard-benson.org
633,Heather Willis,reyesjeremy@yahoo.com,2020-04-05,yahoo.com
634,David Gonzalez,ehill@gmail.com,2024-10-04,gmail.com
635,Daniel Lewis,pstout@hotmail.com,2021-03-25,hotmail.com
636,Tami Cobb,robertshelton@taylor-bishop.com,2024-12-26,taylor-bishop.com
637,Rebecca Wright,raymondmorgan@mitchell.com,2020-11-21,mitchell.com
638,David Ramirez,msimpson@snow.com,2024-04-17,snow.com
639,Mr. David Powell,elizabeth30@gmail.com,2024-01-14,gmail.com
640,Timothy Jackson,vickiecaldwell@hotmail.com,2024-02-04,hotmail.com
641,Steven Jenkins,jonesjonathon@reed.com,2024-11-07,reed.com
642,Joseph Larson,charlesferguson@hudson-harrison.com,2020-05-28,hudson-harrison.com
643,Terry Harrison,qsolis@hotmail.com,2024-08-06,hotmail.com
644,Michael Henry,jeffreywilkins@yahoo.com,2022-05-08,yahoo.com
645,Margaret Ashley,amartin@hotmail.com,2023-05-23,hotmail.com
646,Gabrielle Collins,markgarcia@yahoo.com,2021-03-31,yahoo.com
647,Jacob Meyers,mosesedwin@ward.com,2024-01-28,ward.com
648,Jennifer Kennedy,jasonsherman@sawyer-murphy.com,2021-07-21,sawyer-murphy.com
649,Michael Williams,kennethnorman@price.net,2022-04-07,price.net
650,Jon Perkins,kroberson@hotmail.com,2022-11-10,hotmail.com
651,Diamond Nichols,pberry@hotmail.com,2023-06-01,hotmail.com
652,Stefanie Cook,ydickson@yahoo.com,2020-12-24,yahoo.com
653,Victor Beard,ncurtis@hotmail.com,2024-01-07,hotmail.com
654,Makayla Castaneda,madisonburns@reynolds.biz,2023-02-09,reynolds.biz
655,Nicholas Bright,racheltrevino@gutierrez.com,2023-03-05,gutierrez.com
656,Brian Liu,thompsonlindsay@johnston.com,2022-06-27,johnston.com
657,Tammy Ramsey MD,mark04@clark.com,2020-08-06,clark.com
658,Alexandria King,mark03@hotmail.com,2020-04-16,hotmail.com
659,Christina Morris,sonya27@price.biz,2024-07-24,price.biz
660,Barbara Wallace,nicholasgamble@hotmail.com,2024-06-30,hotmail.com
661,Austin Hoffman,lancewest@poole.biz,2023-01-12,poole.biz
662,Rachel Martinez,garrett06@hotmail.com,2021-04-02,hotmail.com
663,Erin Mayer,jhoward@gmail.com,2022-02-28,gmail.com
664,Daniel Gillespie,estephenson@compton.com,2022-06-03,compton.com
665,Sabrina Garcia,paul84@hall.org,2025-04-08,hall.org
666,Zachary Davis,patriciageorge@yahoo.com,2023-08-14,yahoo.com
667,Tyler Pham,pwalker@gmail.com,2020-12-31,gmail.com
668,Jennifer Potts,catherine52@tran-gallagher.org,2022-03-31,tran-gallagher.org
669,Elizabeth Washington,enorton@hotmail.com,2022-06-26,hotmail.com
670,Nancy Stone,wwatts@hotmail.com,2021-07-16,hotmail.com
671,Toni Richardson,wrodriguez@gmail.com,2021-04-26,gmail.com
672,Matthew Rowe,benjamin67@baldwin-montoya.com,2021-06-02,baldwin-montoya.com
673,Brianna Lutz,mariaperez@andrews.com,2022-02-12,andrews.com
674,Dustin Wallace,christopher14@yahoo.com,2024-11-05,yahoo.com
675,Nicole Ball,maryschultz@graves-rice.info,2021-07-12,graves-rice.info
676,April Ryan,scottalvarado@williams.com,2022-07-01,williams.com
677,Nathan Henry,tracy94@robinson.net,2021-02-02,robinson.net
678,Mr. Michael Walker,rodneyweber@gmail.com,2022-09-17,gmail.com
679,Nicholas Mejia,areed@stevenson.net,2022-11-22,stevenson.net
680,Kristin Powell,chenmichael@yahoo.com,2023-03-31,yahoo.com
681,David Bennett,sbaker@garcia.org,2023-03-17,garcia.org
682,John Johnson,tpeterson@mcdonald.com,2023-01-28,mcdonald.com
683,Dawn Kim,knoxmatthew@anderson.net,2020-07-08,anderson.net
684,Ryan Harris,timothyrose@hotmail.com,2020-08-07,hotmail.com
685,Erin Gardner,melissaramirez@hotmail.com,2022-01-23,hotmail.com
686,James Clayton,asweeney@boyd.com,2023-09-20,boyd.com
687,Kimberly Roy,watsonrichard@carter-russell.com,2024-06-11,carter-russell.com
688,Alyssa Adams,hernandeznancy@gmail.com,2020-07-19,gmail.com
689,Travis Morris,munozshawn@hotmail.com,2022-11-25,hotmail.com
690,Kristin Petty,fgonzales@stone.com,2024-03-20,stone.com
691,Jermaine Cross,dmitchell@yahoo.com,2023-11-27,yahoo.com
692,Dr. Joseph Williams,fcrosby@gmail.com,2025-03-29,gmail.com
693,Mark Collins,tracy37@morris-pennington.biz,2020-11-07,morris-pennington.biz
694,Paula Rodriguez,carlhunt@hotmail.com,2024-12-05,hotmail.com
695,Ryan Young,olsonapril@hotmail.com,2023-12-03,hotmail.com
696,Jeffrey Perez,qprice@hotmail.com,2024-01-10,hotmail.com
697,Linda Martinez,kyle72@gmail.com,2020-09-23,gmail.com
698,Cody York,turnerbernard@gmail.com,2023-11-03,gmail.com
699,Abigail Mckee,scottjohnston@farmer.info,2022-07-22,farmer.info
700,Kevin Johnson,wjohnson@hotmail.com,2020-12-09,hotmail.com
701,Richard Gilbert,xalvarado@wise.biz,2021-04-09,wise.biz
702,Sean Duncan,jimenezandrew@hotmail.com,2022-04-04,hotmail.com
703,Terry Richards,dwilliams@gmail.com,2023-03-15,gmail.com
704,Robert Wagner,donaldphillips@yahoo.com,2023-09-20,yahoo.com
705,Jonathan Ward,jchambers@yahoo.com,2020-02-13,yahoo.com
706,Christina Hatfield,diane30@yahoo.com,2021-02-14,yahoo.com
707,Carlos Lawson,petersenadam@clarke.com,2023-08-31,clarke.com
708,Erin Adkins,lisa81@wright-munoz.com,2024-12-25,wright-munoz.com
709,Crystal Franklin,tammy79@mueller.net,2025-01-08,mueller.net
710,Alexandra Padilla,david43@gmail.com,2022-09-01,gmail.com
711,Matthew Sharp,reginaharris@dominguez-walker.info,2024-04-03,dominguez-walker.info
712,Lisa Walton,katieayers@burns-hendricks.biz,2023-06-27,burns-hendricks.biz
713,Bryan Thomas,johnsonamanda@hotmail.com,2022-04-17,hotmail.com
714,Melissa Hernandez,johnsonamy@yahoo.com,2022-03-18,yahoo.com
715,Teresa Andrade,michael32@yahoo.com,2020-02-21,yahoo.com
716,Jonathan Thompson,kelsey19@walton.biz,2022-05-18,walton.biz
717,Dr. Scott Hodge,owebb@yahoo.com,2021-01-09,yahoo.com
718,Kelsey Calhoun,joshuaward@gmail.com,2021-05-15,gmail.com
719,Zoe Bryant,leekenneth@rose.com,2023-03-26,rose.com
720,Tammy Williams,beasleydonald@warner.com,2023-01-09,warner.com
721,Emily Humphrey,pbartlett@hotmail.com,2025-01-26,hotmail.com
722,Isaiah Thompson,mpetty@martinez-johnson.net,2024-04-29,martinez-johnson.net
723,Rachel Booth,etyler@yahoo.com,2023-02-22,yahoo.com
724,Miss Maria Marquez,tapiatravis@everett.com,2022-09-09,everett.com
725,Nicholas Brown,murphytiffany@nolan-williams.com,2022-02-25,nolan-williams.com
726,Timothy Riley,joseramirez@hotmail.com,2021-01-06,hotmail.com
727,John Robbins,qvargas@campbell-dougherty.com,2020-10-30,campbell-dougherty.com
728,Carol Campbell,millerashley@gmail.com,2020-09-10,gmail.com
729,Jessica Oconnor,ysingh@rose.info,2024-05-13,rose.info
730,John Pierce,mirandamark@gmail.com,2023-03-11,gmail.com
731,Julie Curry MD,williamsaaron@evans-morrow.biz,2022-06-24,evans-morrow.biz
732,Nicole Newman,scottsalazar@yahoo.com,2024-09-23,yahoo.com
733,Mary Mitchell,hcannon@davidson.com,2024-06-02,davidson.com
734,Mrs. Julia Cole,dcook@baker-bird.org,2025-02-17,baker-bird.org
735,Paul Green,cynthia63@cox.net,2022-01-25,cox.net
736,Mikayla Burke,billywilson@williams.net,2021-01-30,williams.net
737,Roy Horn,laura89@brown-cameron.net,2021-04-10,brown-cameron.net
738,Brian Simpson,amy51@yahoo.com,2020-05-09,yahoo.com
739,Ashley Watkins,james34@young.com,2020-12-15,young.com
740,Michelle Moreno,jon89@lee.com,2021-08-23,lee.com
741,Amanda Escobar,david71@ruiz.biz,2021-09-10,ruiz.biz
742,Monique Turner,hensonthomas@gmail.com,2021-06-11,gmail.com
743,Mr. Alexander Vargas,mparker@gmail.com,2022-03-15,gmail.com
744,Becky Moore,hharris@hotmail.com,2021-06-15,hotmail.com
745,Xavier Osborne,samanthafrazier@young-hines.com,2021-06-19,young-hines.com
746,Joseph Carter,kristen95@gmail.com,2022-10-16,gmail.com
747,Paula Patterson,vperkins@bennett.com,2023-03-29,bennett.com
748,Michele Garner,davidbell@gmail.com,2022-01-23,gmail.com
749,Debbie Conway,tyler52@hotmail.com,2023-03-15,hotmail.com
750,Edward Barnes,torreskristin@williams-barnes.com,2024-04-06,williams-barnes.com
751,Autumn Smith,mark18@white.com,2020-09-30,white.com
752,Karen Watkins,kevinramos@gmail.com,2022-04-23,gmail.com
753,Christina Butler,kristi50@gmail.com,2020-08-03,gmail.com
754,Angela Holmes,barnesbenjamin@hotmail.com,2024-12-27,hotmail.com
755,David Pierce,qchavez@hotmail.com,2024-04-04,hotmail.com
756,Jessica Taylor,brittneyshah@gmail.com,2020-08-08,gmail.com
757,Anthony Pierce,dawn39@pierce.org,2023-12-05,pierce.org
758,Maureen Richards,vjackson@trujillo-potter.com,2023-02-04,trujillo-potter.com
759,Michael Mullins,farleysandra@harris.com,2022-08-04,harris.com
760,Traci Thomas,shelia82@williams.com,2020-01-08,williams.com
761,Brendan Jackson,wilsontammy@gmail.com,2020-04-12,gmail.com
762,Rebecca Williams,christopher83@yahoo.com,2021-11-05,yahoo.com
763,David Ortiz,lindabates@yahoo.com,2025-02-18,yahoo.com
764,Stacy Sanders,smitherica@hotmail.com,2021-09-15,hotmail.com
765,Jacob Green,timothyhernandez@shaffer.org,2021-07-20,shaffer.org
766,Robin Jackson,robin40@rogers.com,2022-09-26,rogers.com
767,Christopher Wood,millerluke@yahoo.com,2021-12-21,yahoo.com
768,Amanda Gonzalez,jenniferwolf@hotmail.com,2023-05-12,hotmail.com
769,Wendy Rasmussen,darrylscott@singh.com,2022-08-07,singh.com
770,Robin Adams,john42@hotmail.com,2022-05-03,hotmail.com
771,Paula Turner,jennifer49@hotmail.com,2024-08-05,hotmail.com
772,George Hartman,osbornekatie@evans.com,2024-10-27,evans.com
773,Molly Nelson,jacksonphilip@reyes.com,2021-03-13,reyes.com
774,Daniel Mckinney,rebecca40@yahoo.com,2021-10-07,yahoo.com
775,Timothy Mcdonald,jimmyclark@gmail.com,2023-05-10,gmail.com
776,Jennifer Bailey,kerri21@yahoo.com,2024-04-26,yahoo.com
777,Brittany French,pattersonjason@gmail.com,2021-08-13,gmail.com
778,Sheryl Thomas,porterariel@hotmail.com,2024-03-07,hotmail.com
779,Elizabeth Walker,heatherdawson@gmail.com,2023-07-17,gmail.com
780,John Lamb,carlyharris@gmail.com,2025-04-18,gmail.com
781,Samuel Moore,wmoore@yahoo.com,2022-04-16,yahoo.com
782,Todd Cole,kathleenrogers@yahoo.com,2020-08-16,yahoo.com
783,John Cowan,charles49@moore-haney.net,2024-11-15,moore-haney.net
784,Joel Nunez,patelsandra@hotmail.com,2022-05-04,hotmail.com
785,Jessica Pearson,michael61@scott.com,2023-08-12,scott.com
786,Parker Garza,morsemonique@gmail.com,2020-05-27,gmail.com
787,Brittney Bender,simmonsjessica@black-montgomery.org,2021-03-15,black-montgomery.org
788,Paul Odonnell,wfischer@wallace-hart.com,2022-03-18,wallace-hart.com
789,Louis Moore,randallespinoza@yahoo.com,2021-05-04,yahoo.com
790,James Hamilton,hmckay@yahoo.com,2020-02-11,yahoo.com
791,Sandra Leach,gordonnancy@paul.com,2021-09-25,paul.com
792,Kyle Kelley,obarton@hotmail.com,2020-07-07,hotmail.com
793,Catherine Moreno,cyoder@lindsey-blanchard.info,2023-08-12,lindsey-blanchard.info
794,Daniel Rocha,ewingjoyce@gmail.com,2022-07-29,gmail.com
795,Kimberly Gonzalez,michaelhudson@gmail.com,2023-01-03,gmail.com
796,Brandi Hutchinson,mhancock@hotmail.com,2023-01-02,hotmail.com
797,Karen Phillips,thall@hotmail.com,2023-04-25,hotmail.com
798,Kathleen Fritz,jake62@martinez.com,2022-07-07,martinez.com
799,Kenneth Nguyen,morganpatel@yahoo.com,2021-11-04,yahoo.com
800,Dr. Daniel Waters,joshuagilbert@yahoo.com,2023-11-14,yahoo.com
801,David Costa,mayaustin@yahoo.com,2024-10-23,yahoo.com
802,John Cummings,brookezuniga@yahoo.com,2021-03-23,yahoo.com
803,Brenda Garrett,amartinez@brown.com,2022-05-25,brown.com
804,Katelyn Rodriguez,rossjoseph@hotmail.com,2020-12-16,hotmail.com
805,Carlos Rivera,xmoore@gmail.com,2022-06-06,gmail.com
806,Kevin Dennis,smithshane@blake.com,2020-08-31,blake.com
807,Adam Baker,andrewwilson@yahoo.com,2024-06-09,yahoo.com
808,Christina Elliott,greeneangela@gmail.com,2022-07-05,gmail.com
809,Jillian Barnes,anthony87@gmail.com,2023-03-16,gmail.com
810,Jeffrey Chapman,alexander89@yahoo.com,2023-02-06,yahoo.com
811,Shannon Lynch,gwhitehead@hotmail.com,2023-06-27,hotmail.com
812,Katrina Sanchez,gcole@hotmail.com,2021-11-29,hotmail.com
813,Lisa Sims,crystal06@hotmail.com,2025-03-03,hotmail.com
814,Marissa Suarez,brianaperez@short.com,2021-05-16,short.com
815,Melissa Ingram,thomascharles@clark.com,2022-10-19,clark.com
816,Patrick Fisher,rubioandrea@hotmail.com,2020-02-05,hotmail.com
817,Kevin Patterson DDS,jacqueline17@yahoo.com,2021-01-30,yahoo.com
818,Mr. Robert Patel,andrew98@gill-weaver.com,2024-01-19,gill-weaver.com
819,Thomas Young,holly39@serrano.org,2021-12-06,serrano.org
820,Dr. Todd Carlson MD,jennifersmith@gmail.com,2022-02-22,gmail.com
821,Valerie Thompson,brandon37@hotmail.com,2022-05-16,hotmail.com
822,Anthony Harding,paulajackson@gmail.com,2022-05-05,gmail.com
823,Kristy Mckinney,kenneth95@yahoo.com,2023-08-29,yahoo.com
824,Mark Mitchell,jason91@torres.com,2023-01-16,torres.com
825,Kara White,jperkins@hotmail.com,2022-05-02,hotmail.com
826,Tiffany Bond,heatherbrown@williams.net,2021-02-14,williams.net
827,Terry Collins,griffithpaul@yahoo.com,2024-01-20,yahoo.com
828,April Johnson,joseph66@meyers.org,2024-12-08,meyers.org
829,Dustin Brown,evansjennifer@johnson.com,2024-01-01,johnson.com
830,Hannah Evans,farmerjennifer@hotmail.com,2023-05-11,hotmail.com
831,Rose Cunningham,larryrichardson@hotmail.com,2023-05-07,hotmail.com
832,Nicholas Bryan,taylorrobert@leonard.com,2022-12-18,leonard.com
833,Ricky Contreras,stephanie18@stewart.com,2021-12-08,stewart.com
834,Luke Bond,durandavid@murphy-crawford.com,2024-05-19,murphy-crawford.com
835,Kurt Jordan,harrisalison@castro.com,2024-09-25,castro.com
836,Bruce Cooper,margaret52@gmail.com,2020-08-10,gmail.com
837,Ashlee Rose,salinasbethany@rodriguez.com,2020-10-16,rodriguez.com
838,Autumn Middleton,romeroantonio@leblanc-johnson.com,2021-06-17,leblanc-johnson.com
839,Daniel Allen,jessica43@hotmail.com,2022-06-03,hotmail.com
840,John Cruz,singletonjohn@lewis-williamson.com,2023-09-27,lewis-williamson.com
841,Jerry Dawson,monicasharp@gmail.com,2020-04-01,gmail.com
842,Laura Cisneros,gshields@yahoo.com,2025-02-01,yahoo.com
843,Brittany Davis,rmiles@sanders.com,2023-02-21,sanders.com
844,Mrs. Valerie Holt,nwright@yahoo.com,2021-10-31,yahoo.com
845,Michael Rollins,shelby98@gmail.com,2023-10-14,gmail.com
846,Dr. Mark Calhoun,neverett@gmail.com,2024-12-15,gmail.com
847,Brian Gill,michael05@johnson-barrett.biz,2024-01-12,johnson-barrett.biz
848,Diana Gross,linda07@hotmail.com,2021-04-27,hotmail.com
849,Michael Gray,ztucker@hotmail.com,2024-12-12,hotmail.com
850,Aaron Thomas,ronald31@gmail.com,2020-04-11,gmail.com
851,Mark Smith,greenebilly@yahoo.com,2021-05-01,yahoo.com
852,Eric Soto,sheila92@hotmail.com,2023-10-18,hotmail.com
853,Keith Stanley,amandaswanson@hotmail.com,2023-09-29,hotmail.com
854,Mrs. Cynthia Smith,penaamanda@hotmail.com,2022-05-19,hotmail.com
855,Jeffrey Powell,harrisoneric@gmail.com,2021-12-07,gmail.com
856,Glenn Williams,psullivan@gmail.com,2023-03-26,gmail.com
857,Mark Andrews,wolfematthew@lin.com,2021-02-25,lin.com
858,Sarah Higgins,lsmith@yahoo.com,2023-09-17,yahoo.com
859,Ashley Adams,nicolemartin@gmail.com,2024-12-30,gmail.com
860,Jonathan Cunningham,fmcintosh@gmail.com,2024-12-07,gmail.com
861,Rodney Davis,daniel00@gmail.com,2020-04-15,gmail.com
862,Kayla Fleming,christopher19@yahoo.com,2021-10-23,yahoo.com
863,Joshua Richardson,smithandrea@anderson.com,2024-12-09,anderson.com
864,Justin Lee,william24@gmail.com,2023-02-24,gmail.com
865,Allison Raymond,jenniferruiz@rhodes-sanders.com,2020-05-13,rhodes-sanders.com
866,Mariah Calhoun,hollycontreras@yahoo.com,2022-03-30,yahoo.com
867,Lisa Sanchez,carolyn85@yahoo.com,2023-10-01,yahoo.com
868,Marissa Winters,jamie32@gmail.com,2020-04-27,gmail.com
869,Alex Taylor,hclark@thomas.net,2021-04-26,thomas.net
870,Joel Rodriguez,castillojohn@wolf.org,2020-12-18,wolf.org
871,Virginia Cruz,jeremy28@gmail.com,2024-02-17,gmail.com
872,Tracy Anderson,wardjennifer@hotmail.com,2023-06-29,hotmail.com
873,Donald Scott,bryantanne@mack-oneill.biz,2023-08-10,mack-oneill.biz
874,Lori Baldwin,zachary69@yahoo.com,2021-06-17,yahoo.com
875,Alexis Montoya,michael86@yahoo.com,2023-04-14,yahoo.com
876,Lisa Pace,cookbrian@yahoo.com,2020-07-12,yahoo.com
877,Erin Rivas,brookskristen@fox-cole.com,2020-10-18,fox-cole.com
878,Mr. Kevin Melendez PhD,tmurray@hotmail.com,2024-09-26,hotmail.com
879,Michael Bowman,elizabeth69@taylor-olson.com,2021-12-13,taylor-olson.com
880,Cindy Johnson,carla58@hotmail.com,2023-01-29,hotmail.com
881,Kristina Cox,ortegakristin@yahoo.com,2022-03-06,yahoo.com
882,Loretta Williams,smithann@little.com,2022-01-18,little.com
883,Steven Lambert,psanchez@gmail.com,2020-09-05,gmail.com
884,Jessica Porter,rebeccawatson@delgado.com,2022-04-05,delgado.com
885,Danielle Smith,yangkelly@gmail.com,2024-07-22,gmail.com
886,Jenny Davenport,tstevens@hernandez.com,2020-09-18,hernandez.com
887,Keith Stevens,ujones@hotmail.com,2020-05-22,hotmail.com
888,Megan Mitchell,holmesmichaela@jones-williams.net,2024-11-27,jones-williams.net
889,Jaime Adams,orozcobrittney@yahoo.com,2022-08-22,yahoo.com
890,Anthony Huang,andersonjacqueline@hotmail.com,2023-04-24,hotmail.com
891,Kelsey Curtis,petercosta@perez-hale.com,2025-01-05,perez-hale.com
892,James Hernandez,usalinas@yahoo.com,2024-02-15,yahoo.com
893,Melanie Decker,mdaniels@good.com,2023-09-21,good.com
894,John Torres,hannah97@gmail.com,2023-08-09,gmail.com
895,Angela Barton,ihaynes@yahoo.com,2023-11-15,yahoo.com
896,Samuel Dougherty,uortiz@campos.info,2024-07-15,campos.info
897,Devon Butler,hannahroberson@mason.info,2024-10-06,mason.info
898,Kristin Williams,pmartinez@bailey.info,2020-09-08,bailey.info
899,Lisa Jones,sabrinahernandez@pace.com,2023-08-30,pace.com
900,Lindsay Flores,mitchell20@hotmail.com,2022-08-25,hotmail.com
901,Howard Patel,jeremy63@johnson-anderson.com,2022-09-04,johnson-anderson.com
902,Charles Ramirez,zwood@yahoo.com,2022-07-10,yahoo.com
903,Lacey Orr,rwhite@mcpherson-wagner.info,2024-04-26,mcpherson-wagner.info
904,Linda Jones,thomaslaura@price-brown.org,2024-01-11,price-brown.org
905,Ricky Stevenson,qhernandez@schultz.biz,2023-08-14,schultz.biz
906,Jonathan Martin,ghuff@hotmail.com,2020-04-29,hotmail.com
907,Maria Cantrell,craiglowery@wells.com,2021-09-04,wells.com
908,Kaitlyn Mendez,igallegos@yahoo.com,2020-03-30,yahoo.com
909,Wendy Henry,zhamilton@gilbert.org,2023-11-03,gilbert.org
910,Nicholas Newton,timothy60@weber.biz,2022-01-01,weber.biz
911,Rose Mendoza,dmccann@yahoo.com,2024-05-23,yahoo.com
912,Sherri Melton,leonardsolis@gmail.com,2022-03-30,gmail.com
913,Eric Benjamin,lauren51@hotmail.com,2023-02-20,hotmail.com
914,Angel Black,xsmith@yahoo.com,2023-08-14,yahoo.com
915,Joanna Strickland,david67@gmail.com,2024-02-24,gmail.com
916,Marvin Rhodes,yrivera@yahoo.com,2020-08-10,yahoo.com
917,Jonathan Hanson,smithdavid@hotmail.com,2024-02-09,hotmail.com
918,Monica Sloan,paul56@brown-nelson.biz,2022-07-15,brown-nelson.biz
919,Rachel Riggs,kathleennorris@hotmail.com,2024-09-14,hotmail.com
920,Victoria Bryan,patriciamendoza@gmail.com,2022-11-12,gmail.com
921,Charles Miller,lindachaney@gmail.com,2021-07-28,gmail.com
922,Alex Rangel,helen03@hotmail.com,2020-07-01,hotmail.com
923,Emma Cox,ulawrence@yahoo.com,2021-04-16,yahoo.com
924,Jordan Thomas PhD,melissacantrell@oconnell-nichols.com,2024-03-21,oconnell-nichols.com
925,Kristina Rogers,micheleoconnell@yahoo.com,2020-02-20,yahoo.com
926,Elijah Richards,brianwilliams@watkins.com,2021-05-16,watkins.com
927,Amy Dunn,lawrencekristen@guerrero.com,2024-10-20,guerrero.com
928,Bradley Gill,wallacechristopher@yahoo.com,2021-02-04,yahoo.com
929,Anne Mccoy,sally57@mckinney.com,2024-10-10,mckinney.com
930,Tammy Robinson,billygreene@yahoo.com,2023-05-23,yahoo.com
931,Larry Rhodes,stephanie69@yahoo.com,2023-04-09,yahoo.com
932,Juan Lowery,gerald88@smith.com,2020-09-22,smith.com
933,Shari Frank,felicia06@harmon-patterson.com,2024-03-27,harmon-patterson.com
934,Mackenzie Hernandez,lcarney@meadows.com,2021-10-09,meadows.com
935,Martin Patterson,malloryrivers@burgess-west.com,2022-11-12,burgess-west.com
936,Jonathan Lutz,tina65@gmail.com,2020-12-10,gmail.com
937,Juan Moore,donnaboone@pittman.com,2020-06-25,pittman.com
938,Natalie Hernandez,fshelton@maxwell.biz,2022-04-15,maxwell.biz
939,Samantha Kramer,kim97@hotmail.com,2023-06-24,hotmail.com
940,Shannon Potter,williambell@johnston-jackson.org,2023-12-12,johnston-jackson.org
941,Amanda Nelson,lewissarah@yahoo.com,2021-08-17,yahoo.com
942,Kathryn Jacobs,andrew45@west-hardy.com,2020-04-02,west-hardy.com
943,Shawn Jones,domingueztyler@ryan.com,2021-04-03,ryan.com
944,Christine Fowler,pbarron@yahoo.com,2022-02-12,yahoo.com
945,John Jimenez,jennifergonzalez@robertson-baker.biz,2021-02-26,robertson-baker.biz
946,Charles Hill,michael11@sanchez-harrison.info,2020-08-16,sanchez-harrison.info
947,Daniel Carlson,zroberts@yahoo.com,2020-07-04,yahoo.com
948,Peggy Li,colecharles@holmes-sanders.com,2021-06-07,holmes-sanders.com
949,Levi Fisher,michaelstout@gmail.com,2022-12-02,gmail.com
950,Jessica Carney,bishopdonna@gmail.com,2025-03-24,gmail.com
951,Debra Knox,tdavis@jackson.com,2021-09-05,jackson.com
952,Jose Ortiz,johnshort@roy-huff.info,2023-12-14,roy-huff.info
953,Leroy Gardner,jstein@rodriguez-hernandez.com,2025-03-16,rodriguez-hernandez.com
954,Dean Miller,jessica51@yahoo.com,2020-01-22,yahoo.com
955,Shawn Salazar,hgonzales@yahoo.com,2022-11-13,yahoo.com
956,John Jones,michelle38@gmail.com,2023-12-20,gmail.com
957,Joshua Ramirez,rachael60@sellers.net,2024-06-17,sellers.net
958,Beth Olson,mercadoantonio@lopez-ford.com,2020-07-11,lopez-ford.com
959,Patricia Lucas,fwilliamson@thompson-bernard.com,2023-03-11,thompson-bernard.com
960,Chad Bell,reedmichael@hotmail.com,2022-07-01,hotmail.com
961,Douglas Gonzalez,edward82@flores-davis.com,2021-08-09,flores-davis.com
962,Troy Deleon,seanmiller@gmail.com,2020-01-10,gmail.com
963,Holly Mullins,floreskaren@sims.com,2020-09-24,sims.com
964,Angela Lawson,candaceevans@harper.com,2021-07-11,harper.com
965,Joshua Bonilla,nbarton@gmail.com,2023-02-02,gmail.com
966,Peter Rodriguez,browncharles@hotmail.com,2024-10-19,hotmail.com
967,William Bennett,morrisrobert@king.com,2021-08-15,king.com
968,Crystal Cherry,xpayne@gmail.com,2023-08-21,gmail.com
969,Andrew Anderson,melissawilkerson@yahoo.com,2020-08-22,yahoo.com
970,Cindy Peters,angela65@hotmail.com,2020-03-18,hotmail.com
971,Jeffrey Haney,brittany98@hotmail.com,2020-06-20,hotmail.com
972,Sarah Castro,cgiles@hotmail.com,2022-10-16,hotmail.com
973,April Murray,kevinmahoney@hotmail.com,2022-06-18,hotmail.com
974,Mary Costa,framirez@frazier.com,2022-04-25,frazier.com
975,Alyssa Holloway,jessica97@yahoo.com,2022-07-22,yahoo.com
976,Mr. Bryan Watson II,jasonchavez@smith.biz,2023-12-01,smith.biz
977,Michael Johnson,eric47@yahoo.com,2023-11-23,yahoo.com
978,Carol Moore,johnshelton@watson-jordan.org,2024-03-05,watson-jordan.org
979,Patrick Carey,hornejulian@yahoo.com,2025-04-16,yahoo.com
980,Toni Robles DDS,amandastevens@gmail.com,2023-11-30,gmail.com
981,Ralph Campbell,michaelwhite@gmail.com,2023-09-19,gmail.com
982,Mary Haynes,smithjason@gmail.com,2023-10-03,gmail.com
983,Teresa Simpson,friedmananthony@delgado.com,2023-04-16,delgado.com
984,Kerry Crane,woodsjennifer@reyes.com,2023-07-30,reyes.com
985,Daniel Miller,alyssa88@yahoo.com,2024-06-04,yahoo.com
986,David James,millersharon@hotmail.com,2024-06-12,hotmail.com
987,Jared Huffman,brownjohn@hotmail.com,2023-03-10,hotmail.com
988,Alison Williams,tiffanybailey@yahoo.com,2025-03-29,yahoo.com
989,Suzanne Munoz,kleinkaitlin@gmail.com,2024-11-25,gmail.com
990,Herbert Campbell,leah81@kennedy-ward.com,2021-09-23,kennedy-ward.com
991,James Davenport,chad82@hotmail.com,2022-08-24,hotmail.com
992,Jennifer Guzman,carriehunt@ingram.net,2024-01-04,ingram.net
993,Jennifer Miller,dkelly@williams.net,2022-05-05,williams.net
994,Chloe Montoya,sarah03@collins-mata.net,2024-10-24,collins-mata.net
995,John Edwards,terri78@yahoo.com,2022-08-04,yahoo.com
996,Christopher Jackson,pearsoncatherine@hotmail.com,2023-01-28,hotmail.com
997,Terry Williams,tracyingram@hernandez.com,2025-01-05,hernandez.com
998,Jennifer Salazar,robertharrington@davis.com,2020-07-18,davis.com
999,Sarah Lee,brandy36@yahoo.com,2025-04-01,yahoo.com
1000,Sandra Larsen,jboyd@yahoo.com,2021-05-07,yahoo.com
1001,Dr. Margaret Phillips DDS,abigailthompson@allen.com,2023-07-24,allen.com
1002,Francis Thomas,michellepierce@weaver.com,2023-06-05,weaver.com
1003,Kevin Johnson,kimberlypage@gmail.com,2024-10-21,gmail.com
1004,Kimberly Torres,rileybetty@gmail.com,2021-04-12,gmail.com
1005,Tommy Anderson,knoble@marshall-hart.biz,2021-11-06,marshall-hart.biz
1006,Kenneth Stewart,williamsmith@yahoo.com,2023-11-20,yahoo.com
1007,Tiffany Moore,kellyjohn@simon-hill.org,2024-06-27,simon-hill.org
1008,Melanie Contreras,jsmith@olsen.com,2021-04-24,olsen.com
1009,Kimberly Buckley,saradavis@gmail.com,2021-11-03,gmail.com
1010,Stephanie Hamilton,fishermichael@harris.com,2020-04-23,harris.com
1011,Erica Benton,lgross@fernandez.com,2025-04-08,fernandez.com
1012,Heather Gamble,wilsonsusan@herman.com,2021-07-31,herman.com
1013,William Small,yhall@yahoo.com,2022-01-14,yahoo.com
1014,Jason Edwards,sanchezjoseph@gmail.com,2024-11-20,gmail.com
1015,Kari Leon,simpsonjeffrey@matthews.com,2022-11-29,matthews.com
1016,Kimberly Boyd,boydpaul@hill.com,2020-08-16,hill.com
1017,Denise Garcia,knighttaylor@hotmail.com,2024-04-11,hotmail.com
1018,Robin Day,uhayes@yahoo.com,2022-11-07,yahoo.com
1019,Phillip Cox,morgan50@kelly-walton.com,2021-10-23,kelly-walton.com
1020,Richard Williams,krystal61@bonilla.com,2020-02-03,bonilla.com
1021,Michelle Prince,michael53@yahoo.com,2022-10-15,yahoo.com
1022,Jerry Hudson,scott03@baldwin-delgado.info,2020-02-04,baldwin-delgado.info
1023,Taylor Fisher,daywanda@dominguez.biz,2020-02-20,dominguez.biz
1024,Samantha Morgan,figueroadavid@gmail.com,2024-11-23,gmail.com
1025,Kathryn Williams,eboyle@green-chan.com,2021-02-05,green-chan.com
1026,Brittney Carter,daniel25@hotmail.com,2020-01-27,hotmail.com
1027,Alvin Bryan,hfigueroa@gmail.com,2021-10-22,gmail.com
1028,Veronica Dorsey,mariadudley@yahoo.com,2021-10-26,yahoo.com
1029,Matthew Mason,john77@hotmail.com,2024-09-11,hotmail.com
1030,Olivia Ibarra,atkinsondavid@yahoo.com,2020-08-30,yahoo.com
1031,Holly Schneider,bcabrera@gmail.com,2020-12-05,gmail.com
1032,Courtney Short,alanphillips@johnson-webb.com,2025-01-18,johnson-webb.com
1033,Norma Lawrence,ylee@gmail.com,2022-07-05,gmail.com
1034,Andrea Ingram,katherinefrancis@bautista-taylor.com,2022-11-18,bautista-taylor.com
1035,Kimberly Anderson,pparker@hotmail.com,2020-07-20,hotmail.com
1036,Richard Nichols,nvance@cruz.org,2021-04-15,cruz.org
1037,Lauren Sims,ywilson@harris.org,2022-11-08,harris.org
1038,Lisa Salazar,marthacooper@barrera.com,2021-03-23,barrera.com
1039,Tammy Smith,clong@garrett.com,2022-07-28,garrett.com
1040,Miss Breanna Keith,gabriellekim@jones.org,2020-03-13,jones.org
1041,Sara Garrison,tannermelissa@hotmail.com,2022-05-08,hotmail.com
1042,Jessica Edwards,dorisdaniel@yahoo.com,2021-02-28,yahoo.com
1043,Ronald Shelton,shawnosborne@mahoney-kim.com,2023-03-22,mahoney-kim.com
1044,Michael Mcintyre,jillcordova@maxwell.com,2021-04-29,maxwell.com
1045,Robert Warren,zmarsh@taylor.biz,2024-01-20,taylor.biz
1046,David Gonzalez,stevensnathaniel@yahoo.com,2022-11-05,yahoo.com
1047,Kim Allen,seth63@yahoo.com,2024-07-19,yahoo.com
1048,Oscar Gillespie,lrichards@wells-bradley.com,2020-07-18,wells-bradley.com
1049,Alan Howell,amywright@hotmail.com,2024-04-23,hotmail.com
1050,Michelle Elliott,brian87@anderson.biz,2020-07-11,anderson.biz
1051,Curtis Cook,patricia78@gmail.com,2020-02-15,gmail.com
1052,Sara Lee,uwolf@gmail.com,2023-02-23,gmail.com
1053,Alex Hudson,rblake@yahoo.com,2023-07-02,yahoo.com
1054,Tony Johnson,nicole13@maynard.info,2023-10-01,maynard.info
1055,Hailey Hayden,chungaustin@yahoo.com,2024-10-17,yahoo.com
1056,Joseph Lee,nicholas91@hotmail.com,2022-09-12,hotmail.com
1057,Dennis Sandoval,wendysalazar@villarreal.org,2021-05-07,villarreal.org
1058,Anthony Nguyen,hernandezmichael@clark.biz,2024-01-23,clark.biz
1059,Jennifer Snyder,gglover@gmail.com,2024-10-13,gmail.com
1060,Rebecca Cooper,whitejoseph@gmail.com,2020-01-04,gmail.com
1061,David Thompson,wbaldwin@hotmail.com,2022-08-17,hotmail.com
1062,David Shields,kendragrant@oconnor.com,2024-11-17,oconnor.com
1063,Adrian Stevenson,hughesphillip@yahoo.com,2022-06-26,yahoo.com
1064,Angela Walsh,hartvalerie@hotmail.com,2021-07-19,hotmail.com
1065,Elizabeth Lee,matthew64@rowe.com,2022-07-22,rowe.com
1066,Mr. David Rivera,kylewhite@roberts-mcmahon.biz,2022-03-27,roberts-mcmahon.biz
1067,Dean Hunt,michelle80@gmail.com,2021-12-14,gmail.com
1068,Veronica Allen DVM,rburton@gmail.com,2025-01-30,gmail.com
1069,Joseph Lam,pmiller@cox-wilson.com,2021-06-13,cox-wilson.com
1070,Jaime Velazquez,brenda94@yahoo.com,2020-10-01,yahoo.com
1071,Dorothy Baker,austin20@grimes.com,2023-12-19,grimes.com
1072,Nancy Bright,aprilwong@hotmail.com,2021-09-22,hotmail.com
1073,Joseph Pittman,oallen@rogers.com,2023-05-31,rogers.com
1074,Christine Figueroa,owallace@ferguson-johnston.com,2021-10-26,ferguson-johnston.com
1075,Christopher Nguyen,joshua79@gmail.com,2022-01-13,gmail.com
1076,Randall Cole,edwardsjoseph@gmail.com,2022-03-02,gmail.com
1077,Brian White,ericpowers@bautista.biz,2022-04-10,bautista.biz
1078,Courtney Carter,lisarichardson@hotmail.com,2024-11-27,hotmail.com
1079,Sherry Rose,ortizdavid@gmail.com,2025-04-10,gmail.com
1080,Christopher Liu,gjames@harper.biz,2020-03-22,harper.biz
1081,Eric Johnson DDS,sierra05@scott-king.com,2022-12-15,scott-king.com
1082,Shawn Ramos,angelajennings@schultz-pierce.com,2020-09-05,schultz-pierce.com
1083,Mark Ray,vbenton@yates.net,2021-04-21,yates.net
1084,Michael Banks,edwardedwards@yahoo.com,2023-01-07,yahoo.com
1085,Brittany Hubbard,njackson@yahoo.com,2022-10-22,yahoo.com
1086,Emily Browning,cohenadam@sanchez-richardson.com,2022-10-21,sanchez-richardson.com
1087,Sarah Murray,edgar11@yahoo.com,2024-10-09,yahoo.com
1088,Melissa Johnson,hebertjoanne@travis.org,2024-10-22,travis.org
1089,Michelle Wagner,gregorywalker@gmail.com,2020-11-15,gmail.com
1090,John Nelson,nking@hotmail.com,2022-01-10,hotmail.com
1091,Spencer Vaughan,thompsonrichard@gmail.com,2020-01-21,gmail.com
1092,Joseph Garrett,cassandra73@hotmail.com,2023-10-21,hotmail.com
1093,James Ellis,tammyparks@rodriguez.org,2021-09-05,rodriguez.org
1094,Timothy Murillo,jose49@gmail.com,2023-01-30,gmail.com
1095,Christopher Warren,johnsonjonathan@yahoo.com,2021-04-19,yahoo.com
1096,Jeffrey James,wallacekenneth@moore.com,2024-04-03,moore.com
1097,Sharon Bates,john47@mayo.com,2020-10-27,mayo.com
1098,Carl Palmer,tammysmith@gmail.com,2024-10-10,gmail.com
1099,Christopher Shannon,kyleatkinson@patrick-hernandez.info,2022-12-28,patrick-hernandez.info
1100,Patrick West,hking@davis-campbell.com,2021-11-29,davis-campbell.com
